Loại hàng,Nhóm hàng(3 Cấp),Mã hàng,Tên hàng,Thương hiệu,Giá bán,Giá vốn,Tồn kho,KH đặt,Dự kiến hết hàng,Tồn nhỏ nhất,Tồn lớn nhất,ĐVT,Mã ĐVT Cơ bản,Quy đổi,Thuộc tính,Mã HH Liên quan,"Hình ảnh (url1,url2...)",Trọng lượng,Đang kinh doanh,Được bán trực tiếp,Mô tả,Mẫu ghi chú,Vị trí,Hàng thành phần
Hàng hóa,Hải Sản,SP000116,Cá Bè Cam,,0.0,"150,000.0",0.0,0.0,4 ngày,0.0,"999,999,999.0",kg,,1.0,,,,,1,1,,,,
Hàng hóa,Hải Sản,SP000297,Tuna Saku 4A XK,,0.0,"240,000.0",119.50,0.0,67 ngày,0.0,"999,999,999.0",kg,,1.0,,,,,1,1,,,,
Hàng hóa,Hải Sản,SP000296,Lườn Cá Thu,,0.0,"70,000.0",8.0,0.0,45 ngày,0.0,"999,999,999.0",kg,,1.0,,,,,1,1,,,,
Hàng hóa,Hải Sản,SP000238,Cá Chim vây vàng đông lạnh,,0.0,"95,000.0","2,227.262",0.0,365 ngày,0.0,"999,999,999.0",kg,,1.0,,,,,1,1,,,,
Hàng hóa,Hải Sản,SP000142,Mực nang nút 9-10,,0.0,"143,125.73",11.0,0.0,1 ngày,0.0,"999,999,999.0",kg,,1.0,,,,,1,1,,,,
Hàng hóa,Hải Sản,SP000192,Cá Ngân,,0.0,"135,000.0",0.0,0.0,0 ngày,0.0,"999,999,999.0",kg,,1.0,,,,,1,1,,,,
Hàng hóa,Hải Sản,SP000179,Thùng tạm,,0.0,"660,000.0",3.0,0.0,--,0.0,"999,999,999.0",Cái,,1.0,,,,,1,1,,,,
Hàng hóa,Hải Sản,SP000260,Loin kiếm chờ cắt steak,,0.0,0.0,0.0,0.0,20 ngày,0.0,"999,999,999.0",kg,,1.0,,,,,1,1,,,,
Hàng hóa,Hải Sản,SP000102,Loin kiếm,,0.0,0.0,0.0,0.0,0 ngày,0.0,"999,999,999.0",kg,,1.0,,,,,1,1,,,,
Hàng hóa,Hải Sản,SP000006,Nang roll,,0.0,0.0,0.0,0.0,0 ngày,0.0,"999,999,999.0",kg,,1.0,,,,,1,1,,,,
Hàng hóa,Hải Sản,SP000007-01,Trứng nhum AA 100g/khay,,0.0,0.0,0.0,0.0,0 ngày,0.0,"999,999,999.0",kg,,1.0,,,,,1,1,,,,
Hàng hóa,Hải Sản,SP000081,Râu Tako A,,0.0,0.0,25.10,0.0,--,0.0,"999,999,999.0",kg,,1.0,,,,,1,1,,,,
Hàng hóa,Hải Sản,SP000020,Tuna rẻo CO,,0.0,0.0,1.0,0.0,1 ngày,0.0,"999,999,999.0",kg,,1.0,,,,,1,1,,,,
Hàng hóa,Hải Sản,SP000281,Tôm tẩm bột xù,,0.0,0.0,60.0,0.0,67 ngày,0.0,0.0,con,,1.0,,,,0.0,1,1,,,,
Hàng hóa,Hải Sản,SP000283,Tôm Thẻ,,0.0,"199,244.44",0.0,0.0,0 ngày,0.0,0.0,kg,,1.0,,,,0.0,1,1,,,,
Hàng hóa,Hải Sản,SP000284,Tôm Thẻ Lột,,0.0,0.0,0.0,0.0,0 ngày,0.0,0.0,kg,,1.0,,,,0.0,1,1,,,,
Hàng hóa,Hải Sản,SP000285,Râu bạch tuộc tươi 150g up,,0.0,0.0,0.0,0.0,0 ngày,0.0,0.0,kg,,1.0,,,,0.0,1,1,,,,
Hàng hóa,Hải Sản,SP000291,Tôm Sushi,,0.0,0.0,0.0,0.0,0 ngày,0.0,0.0,con,,1.0,,,,0.0,1,1,,,,
Hàng hóa,Hải Sản,SP000292,Bạch Tuộc Tako 1-1.3,,0.0,0.0,0.10,0.0,1 ngày,0.0,0.0,kg,,1.0,,,,0.0,1,1,,,,
Hàng hóa,Hải Sản,SP000295,Bạch Tuộc Tako 3up,,0.0,0.0,0.90,0.0,1 ngày,0.0,0.0,kg,,1.0,,,,0.0,1,1,,,,
Hàng hóa,Hải Sản,SP000293,Bạch Tuộc Tako 1.3-1.5,,0.0,0.0,0.0,0.0,0 ngày,0.0,0.0,kg,,1.0,,,,0.0,1,1,,,,
Hàng hóa,Hải Sản,SP000008,Râu Bạch Tuộc Tako,,0.0,0.0,14.0,0.0,2 ngày,0.0,0.0,kg,,1.0,,,,0.0,1,1,,,,
Hàng hóa,Hải Sản,SP000269,Trứng Nhum Gai khay 100g,,0.0,0.0,0.0,0.0,0 ngày,0.0,0.0,kg,,1.0,,,,0.0,1,1,,,,
Hàng hóa,Hải Sản,SP000268,Trứng Nhum Gai khay 200g,,0.0,0.0,0.40,0.0,--,0.0,0.0,kg,,1.0,,,,0.0,1,1,,,,
Hàng hóa,Hải Sản,SP000137,Tako mix,,0.0,0.0,0.0,0.0,0 ngày,0.0,0.0,kg,,1.0,,,,0.0,1,1,,,,
Hàng hóa,Hải Sản,SP000094,Bạch tuộc tươi size 1up,,0.0,"130,000.0",3.40,0.0,0 ngày,0.0,0.0,kg,,1.0,,,,0.0,1,1,,,,
Hàng hóa,Hải Sản,SP000058,Hải Sâm,,0.0,"330,000.0",0.0,0.0,0 ngày,0.0,0.0,,,1.0,,,,0.0,1,1,,,,
Hàng hóa,Hải Sản,SP000247,Cá trích nguyên liệu,,0.0,0.0,0.0,0.0,0 ngày,0.0,0.0,kg,,1.0,,,,0.0,1,1,,,,
Hàng hóa,Hải Sản,SP000252,Chả Cá Viên,,0.0,0.0,0.0,0.0,0 ngày,0.0,0.0,kg,,1.0,,,,0.0,1,1,,,,
Hàng hóa,Ca Tuoi,SP000236,Cá tai,,0.0,0.0,0.0,0.0,0 ngày,0.0,0.0,kg,,1.0,,,,0.0,1,1,,,,
Hàng hóa,Ca Tuoi,SP000218,Chình,,0.0,0.0,0.0,0.0,0 ngày,0.0,0.0,kg,,1.0,,,,0.0,1,1,,,,
Hàng hóa,Hải Sản,SP000131,Mực nang lớn,,0.0,"59,658.27",0.0,0.0,0 ngày,0.0,0.0,kg,,1.0,,,,0.0,1,1,,,,
Hàng hóa,Hải Sản,SP000055,Chả Cá 250g/ bag,,0.0,0.0,4.0,0.0,--,0.0,0.0,Kg,,1.0,,,,0.0,1,1,,,,
Hàng hóa,Hải Sản,SP000030,Mắt Cá Ngừ,,0.0,0.0,0.0,0.0,0 ngày,0.0,0.0,,,1.0,,,,0.0,1,1,,,,
Hàng hóa,Hải Sản,SP000075,Mùn Cưa,,0.0,0.0,5.0,0.0,--,0.0,0.0,kg,,1.0,,,,0.0,1,1,,,,
Hàng hóa,Hải Sản,SP000155,Xương cá cờ kiếm,,0.0,0.0,2.30,0.0,1 ngày,0.0,0.0,kg,,1.0,,,,0.0,1,1,,,,
Hàng hóa,Hải Sản,SP000044,Hàu Sữa tách vỏ,,0.0,0.0,1.0,0.0,0 ngày,0.0,0.0,,,1.0,,,,0.0,1,1,,,,
Hàng hóa,Hải Sản,NHUMVUN,Nhum vụn,,0.0,0.0,0.0,0.0,0 ngày,0.0,0.0,kg,,1.0,,,,0.0,1,1,,,,
Hàng hóa,Hải Sản,SP000159,Rẻo cá cờ kiếm,,0.0,0.0,6.0,0.0,3 ngày,0.0,0.0,kg,,1.0,,,,0.0,1,1,,,,
Hàng hóa,Hải Sản,Cá Mú,Cá Mú,,0.0,0.0,0.0,0.0,0 ngày,0.0,0.0,kg,,1.0,,,,0.0,1,1,,,,
Hàng hóa,Hải Sản,SP000256,Kama cá ngừ,,0.0,0.0,0.0,0.0,0 ngày,0.0,0.0,kg,,1.0,,,,0.0,1,1,,,,
Hàng hóa,Hải Sản,SP000007,Trứng nhum AB 200g/khay,,0.0,0.0,1.0,0.0,0 ngày,0.0,0.0,kg,,1.0,,,,0.0,1,1,,,,
Hàng hóa,Hải Sản,SP000033,Lườn tuna,,0.0,0.0,2.0,0.0,--,0.0,0.0,kg,,1.0,,,,0.0,1,1,,,,
Hàng hóa,Hải Sản,SP000294,Bạch Tuộc Tako 1.5-3,,0.0,0.0,0.0,0.0,0 ngày,0.0,0.0,kg,,1.0,,,,0.0,1,1,,,,
Hàng hóa,Hải Sản,SP000086,Mực Nang sushi Sashimi đông khay (200g/ khay),,0.0,"79,800.0",56.0,0.0,187 ngày,0.0,0.0,Khay,,1.0,,,,0.0,1,1,,,,
Hàng hóa,Hải Sản,4607060730296,Cá Chẽm Fillet,,0.0,0.0,10.60,0.0,--,0.0,0.0,kg,,1.0,,,,0.0,1,1,,,,
Hàng hóa,Hải Sản,SP000225,Mực Ống Mino,,0.0,"305,000.0",10.30,0.0,--,0.0,0.0,kg,,1.0,,,,0.0,1,1,,,,
Hàng hóa,Hải Sản,SP000161,Lườn kiếm portion,,0.0,0.0,0.0,0.0,0 ngày,0.0,0.0,kg,,1.0,,,,0.0,1,1,,,,
Hàng hóa,Hải Sản,SP000273,Mực Ống SS khay 200g,,0.0,0.0,13.0,0.0,--,0.0,0.0,khay,,1.0,,,,0.0,1,1,,,,
Hàng hóa,Hải Sản,SP000290,VAT,,0.0,"34,960.40",101.0,0.0,--,0.0,0.0,lần,,1.0,,,,0.0,1,1,,,,
Hàng hóa,Hải Sản,SP000012,Lườn kiếm nướng,,0.0,0.0,20.30,0.0,5 ngày,0.0,0.0,kg,,1.0,,,,0.0,1,1,,,,
Hàng hóa,Hải Sản,SP000166,Sushi mực ống 8g,,0.0,0.0,0.0,0.0,0 ngày,0.0,0.0,khay,,1.0,,,,0.0,1,1,,,,
Hàng hóa,Hải Sản,HAUHYOGO-M,Hàu Nhật Hyogo đông lạnh nguyên vỏ size M (9-11 con/kg),,0.0,0.0,12.0,0.0,41 ngày,0.0,0.0,kg,,1.0,,,,0.0,1,1,,,,
Hàng hóa,Hải Sản,SP000053,Kiếm vỉ nướng,,0.0,0.0,1.0,0.0,--,0.0,0.0,kg,,1.0,,,,0.0,1,1,,,,
Hàng hóa,Hải Sản,SP000128,sụn xương cá kiếm,,0.0,0.0,18.30,0.0,10 ngày,0.0,0.0,kg,,1.0,,,,0.0,1,1,,,,
Hàng hóa,Hải Sản,SP000079,Mực Ống,,0.0,0.0,6.60,0.0,12 ngày,0.0,0.0,kg,,1.0,,,,0.0,1,1,,,,
Hàng hóa,Hải Sản,SP000232,Mực nang lớn (không đầu),,0.0,0.0,0.0,0.0,0 ngày,0.0,0.0,kg,,1.0,,,,0.0,1,1,,,,
Hàng hóa,Hải Sản,SP000011,Lườn kiếm sashimi,,0.0,"181,686.62",60.20,0.0,2 ngày,0.0,0.0,kg,,1.0,,,,0.0,1,1,,,,
Hàng hóa,Hải Sản,SP000076,Cá Trích Sashimi ( 100g/ khay),,0.0,0.0,0.0,0.0,0 ngày,0.0,0.0,khay,,1.0,,,,0.0,1,1,,,,
Hàng hóa,Hải Sản,SP000282,Bánh Takoyaki,,0.0,0.0,18.0,0.0,45 ngày,0.0,0.0,kg,,1.0,,,,0.0,1,1,,,,
Hàng hóa,Hải Sản,SP000151,Loin lườn kiếm,,0.0,0.0,0.0,0.0,0 ngày,0.0,0.0,kg,,1.0,,,,0.0,1,1,,,,
Hàng hóa,Hải Sản,SP000274,Cá Thu Hủ NL,,0.0,0.0,39.30,0.0,--,0.0,0.0,kg,,1.0,,,,0.0,1,1,,,,
Hàng hóa,Hải Sản,SP000114,Cá Hố 200-300 cắt khúc,,0.0,0.0,44.0,0.0,--,0.0,0.0,kg,,1.0,,,,0.0,1,1,,,,
Hàng hóa,Hải Sản,SP000265,Bạch tuộc mini 8-13,,0.0,0.0,18.0,0.0,0 ngày,0.0,0.0,kg,,1.0,,,,0.0,1,1,,,,
Hàng hóa,Hải Sản,SP000226,Tuna Saku XK,,0.0,"185,088.14",29.70,0.0,--,0.0,0.0,kg,,1.0,,,,0.0,1,1,,,,
Hàng hóa,Hải Sản,SP000275,Cá Thu cắt lát,,0.0,0.0,70.0,0.0,--,0.0,0.0,kg,,1.0,,,,0.0,1,1,,,,
Hàng hóa,Hải Sản,SP000005,Tuna Steak,,0.0,0.0,72.0,0.0,--,0.0,0.0,kg,,1.0,,,,0.0,1,1,,,,
Hàng hóa,Hải Sản,SP000214,Tuna slice 200g (20pcs/khay),,0.0,0.0,63.0,0.0,0 ngày,0.0,0.0,khay,,1.0,,,,0.0,1,1,,,,
Hàng hóa,Hải Sản,SP000077,Mực Nang sushi Sashimi (160g/ khay),,0.0,"22,638.30",136.0,0.0,365 ngày,0.0,0.0,khay,,1.0,,,,0.0,1,1,,,,
Hàng hóa,Hải Sản,SP000040,Bạch Tuộc Tako U1,,0.0,0.0,54.10,0.0,9 ngày,0.0,0.0,kg,,1.0,,,,0.0,1,1,,,,
Hàng hóa,Hải Sản,SP000118,Chả Cá Hấp,,0.0,"65,322.01",224.50,0.0,137 ngày,0.0,0.0,kg,,1.0,,,,0.0,1,1,,,,
Hàng hóa,Hải Sản,SP000069,Cá Cờ Kiếm Saku,,0.0,0.0,18.10,0.0,4 ngày,0.0,0.0,kg,,1.0,,,,0.0,1,1,,,,
Hàng hóa,Hải Sản,SP000002,Bạch tuộc tươi,,0.0,"145,129.93",200.10,0.0,8 ngày,0.0,0.0,kg,,1.0,,,,0.0,1,1,,,,
Hàng hóa,Hải Sản,SP000097,Tuna Saku 3A,,0.0,0.0,222.50,0.0,54 ngày,0.0,0.0,kg,,1.0,,,,0.0,1,1,,,,
Hàng hóa,Hải Sản,SP000022,Tuna đầu đuôi portion,,0.0,0.0,4.50,0.0,1 ngày,0.0,0.0,kg,,1.0,,,,0.0,1,1,,,,
Hàng hóa,Hải Sản,SP000224,Mực Nang 500-800,,0.0,"147,817.63",499.20,0.0,22 ngày,0.0,0.0,kg,,1.0,,,,0.0,1,1,,,,
Hàng hóa,Hải Sản,SP000004,Tuna Saku,,0.0,"205,972.34",339.50,0.0,15 ngày,0.0,0.0,kg,,1.0,,,,0.0,1,1,,,,
Hàng hóa,Hải Sản,SP000009-2,Tuna loin 3-5,,0.0,0.0,314.60,0.0,26 ngày,0.0,0.0,kg,,1.0,,,,0.0,1,1,,,,
Hàng hóa,Hải Sản,SP000024,Tuna loin tươi,,0.0,"225,000.0",501.50,0.0,59 ngày,0.0,0.0,kg,,1.0,,,,0.0,1,1,,,,
Hàng hóa,Hải Sản,SP000010,Chả cá,,0.0,"62,033.76",522.0,0.0,6 ngày,0.0,0.0,kg,,1.0,,,,0.0,1,1,,,,
Hàng hóa,Hải Sản,SP000057,Kiếm Nguyên Con,,0.0,"115,000.0",69.0,0.0,10 ngày,0.0,0.0,Kg,,1.0,,,,0.0,1,1,,,,
Hàng hóa,Hải Sản,SP000050,Tuna Saku A,,0.0,0.0,430.50,0.0,48 ngày,0.0,0.0,kg,,1.0,,,,0.0,1,1,,,,
Hàng hóa,Hải Sản,SP000289,Sò Lông Nửa Mảnh,,0.0,0.0,788.90,0.0,365 ngày,0.0,0.0,kg,,1.0,,,,0.0,1,1,,,,
Hàng hóa,Hải Sản,SP000154,Bạch tuộc tako slice (160 gram/khay),,0.0,0.0,782.0,0.0,261 ngày,0.0,0.0,Khay,,1.0,,,,0.0,1,1,,,,
Hàng hóa,Hải Sản,SP000041,Kiếm steak,,0.0,"24,496.29",483.0,0.0,16 ngày,0.0,0.0,kg,,1.0,,,,0.0,1,1,,,,
Hàng hóa,Hải Sản,SP000073,Vẹm Xanh Tách Vỏ ( PE),,0.0,0.0,"1,769.0",0.0,365 ngày,0.0,0.0,kg,,1.0,,,,0.0,1,1,,,,
Hàng hóa,Hải Sản,SP000063,Vẹm Xanh Tách Vỏ,,0.0,0.0,"1,934.0",0.0,17 ngày,0.0,0.0,kg,,1.0,,,,0.0,1,1,,,,
Hàng hóa,Hải Sản,SP000160,Phí gia công,,0.0,0.0,10.0,0.0,--,0.0,0.0,kg,,1.0,,,,0.0,1,1,,,,
Hàng hóa,Hải Sản,SP000035,phí vận chuyển,,0.0,"19,385.88",70.0,0.0,34 ngày,0.0,0.0,lần,,1.0,,,,0.0,1,1,,,,
Hàng hóa,Hải Sản,SP000095,Nhum nguyên con (đvt: con),,0.0,151.85,"19,320.0",0.0,365 ngày,0.0,0.0,con,,1.0,,,,0.0,1,1,,,,
