Dạng đối tượng,Đối tượng,Giải thích,Mã NCC,SDT,ĐỊA CHỈ
Nhân Viên,Trang,Nhân viên của VGVINA,,,
Nhân Viên,Vương,Nhân viên của VGVINA,,,
Nội Bộ,Nội Bộ,,,,
NCC Điện,EVN,,,,
Ngân hàng,Techcombank,,,,
Ngân hàng,Việt Nga - VRN,Ngân hàng Việt Nga (viết tắt VRN),,,
Ban Lãnh Đạo,Mr. Hoàn,Thành viên ban lãnh đạo VGVINA,,,
Ban Lãnh Đạo,Mr. Sơn,Thành viên ban lãnh đạo VGVINA,,,
Khác,Khác,,,,
NCC,NCC CHẢ CÁ - CHỊ NGOAN - BÉ TÂN,Nhà cung cấp,,,
NCC,NCC BT - TRẦN THỊ VI MÂN,Nhà cung cấp,,,
NCC,NCC NHUM - KIM LOAN - NINH THUẬN,Nhà cung cấp,,,
NCC,NCC NHUM - ĐẶNG - LÝ SƠN,Nhà cung cấp,,,
NCC,NCC VẸM ĐEN - LÊ CÔNG,Nhà cung cấp,,,
NCC,NCC BT - ANH TỚI - PHÚ QUÝ,Nhà cung cấp,,,
NCC,NCC NHUM ĐEN - QUANH BÙI,Nhà cung cấp,,,
NCC,CÔNG TY TNHH EBT SÀI GÒN,Nhà cung cấp,,,
NCC,CT VIỆT ORGANIC - TAM QUAN,Nhà cung cấp,,,
NCC,NCC LƯỜN KIẾM - CHỊ PHƯƠNG DUNG - PY,Nhà cung cấp,,,
NCC,NCC VÕ THỊ Ý - TAM QUAN,Nhà cung cấp,,,
NCC,NCC CÁ TƯƠI - CHỊ XUÂN PHƯƠNG - QN,Nhà cung cấp,,,
NCC,NCC CHẢ CÁ - TRÍ - PY,Nhà cung cấp,,,
NCC,CT HẢI SẢN LINH LINH,Nhà cung cấp,,,
NCC,CT HOÀN TRUYỀN,Nhà cung cấp,,,
NCC,NCC BT - CHỊ NGA - PY,Nhà cung cấp,,,
NCC,NCC BT - CHỊ SĨ - LÝ SƠN,Nhà cung cấp,,,
NCC,NCC CHỊ NGÂN - HÒN XỆN,Nhà cung cấp,,,
NCC,NCC VẸM - DŨNG  - CR,Nhà cung cấp,,,
NCC,CT DƯƠNG TUẤN PHÁT - TAM QUAN (THÚY),Nhà cung cấp,,,
NCC,NCC MR TRƯỜNG SSM - PY ,Nhà cung cấp,,,
NCC,NCC MARUSEI- ĐÀ NẴNG,Nhà cung cấp,,,
NCC,NCC NHUM - SON - NINH HÒA,Nhà cung cấp,,,
NCC,NCC KIM DUNG - NINH HÒA,Nhà cung cấp,,,
NCC,NCC CHỊ GÁI - VĨNH TRƯỜNG,Nhà cung cấp,,,
NCC,NCC NGUYỄN THỊ THU - PHÚ QUÝ,Nhà cung cấp,,,
NCC,CT TRƯỜNG THẢO - PY (TRƯỜNG),Nhà cung cấp,,,
NCC,CT GO FOOD - KIÊN GIANG (MR CÔNG),Nhà cung cấp,,,
NCC,NCC CHẢ CÁ - CHỊ TUYẾT SƯƠNG - PY,Nhà cung cấp,,,
NCC,NCC BÉ TÂN - VĨNH LƯƠNG,Nhà cung cấp,,,
NCC,NCC CHỊ HỒNG CHÂU - HÒN RỚ,Nhà cung cấp,,,
NCC,NCC THIỆU - CHỊ TÂM ,Nhà cung cấp,,,
NCC,TỪ SẢN XUẤT,Nhà cung cấp,,,
NCC,HOÀNG THỊ THÚY - HÒN RỚ (CÔ THỦY),Nhà cung cấp,,,
NCC,NCC NHUM ĐEN - NGUYỄN THỊ PHÚC,Nhà cung cấp,,,
NCC,NCC NHUM - ĐỖ THỊ ÁNH - PHÚ QUÝ,Nhà cung cấp,,,
NCC,NCC CHỊ HOA - HÒN RỚ,Nhà cung cấp,,,
NCC,NCC CHỊ TRANG - HÒN XỆN,Nhà cung cấp,,,
NCC,NCC PHẠM THỊ LỢI - PHÚ QUÝ,Nhà cung cấp,,,
NCC,NCC LỢI THU - PHÚ QUÝ,Nhà cung cấp,,,
NCC,NCC VÕ THỊ THẮM - PHÚ QUÝ,Nhà cung cấp,,,
NCC,NCC TRẦN THỊ ÚT - PHÚ YÊN,Nhà cung cấp,,,
,,,,,
,,,,,
,,,,,
NPP,CT TNHH MTV ĐẠT PHÚ NGUYÊN,Nhà phân phối,,090 500 67 55,BX Đà Nẵng
NPP,CT TNHH NGUYÊN PHƯƠNG,Nhà phân phối,,091 147 1749,"khu vực chợ Bình Tân, Thành phố Nha Trang, Khánh Hòa"
NPP,CT TNHH MTV SHIZEN FOOD,Nhà phân phối,,0792328259- anh Kiên (0984383533-anh nhã),"602/45b Điện Biên Phủ, Phường 22, Quận Bình Thạnh, HCM"
NPP,CT TNHH MTV TM DV HH TP PHÚ QUỐC (ANH THỰC-PQ),Nhà phân phối,,0973467588,"Thành phố Phú Quốc, Kiên Giang"
NPP,CT TNHH TP NHẬT KOTO (MR KIÊN- HL),Nhà phân phối,,0904779771,"tổ 7, khu 8, phương Bãi Cháy, TP Hạ Long, Quảng Ninh, Phường Bãi Cháy, Thành phố Hạ Long, Quảng Ninh"
NPP,CT TNHH VẠN QUANG FOOD,Nhà phân phối,,0949 248 753,"số 21, Phạm Hồng Thái, khóm 2, Phường 8, Thành phố Vĩnh Long, Vĩnh Long"
NPP,CT TNHH SƠN MAI VỊ BIỂN (MR NGỌC-NHA TRANG),Nhà phân phối,,098 477 55 77,"13B ô 100 Tây Hải, Phường Nha Trang, Tỉnh Khánh Hòa, Việt Nam"
NH,CT TNHH NH NAM SAN F&B (SUSHI NOWZOON),Nhà hàng,,,"51-53 Nguyễn Thị Thập, Phường Tân Hưng, Quận 7, Thành phố Hồ Chí Minh, Việt Nam"
NPP,CT TNHH PGF ASIA- HN,Nhà phân phối,,0942268638 / Lan Anh 0942268638 nhận hàng,"số 20 ngõ 374 âu cơ, Phường Quảng An, Quận Tây Hồ, Hà Nội"
NPP,CT TNHH PGF ASIA- SG,Nhà phân phối,,0967219282,"41/24 đường số 9, Phường An Khánh, Thành phố Thủ Đức, Hồ Chí Minh"
NH,CT TNHH GINKAKU ( MS THIÊN TRANG),Nhà hàng,,0982771994,"33 Phạm Ngũ Lão, HN"
NPP,CT GREENGOOD,Nhà phân phối,,0388 255 246,"Nhà xe Phương Nam Q5, HCM"
KL,MS GIANG- CẦN THƠ,,,0939 607 604,CẦN THƠ
NPP,CT TNHH MEAT AND FISH,Nhà phân phối,,0937 648 059,"1a đường 26,  phường Phước Long A, Q9, HCM"
NH,CT TNHH UMEYAKIA (MR NHÂN- THE VIEW ĐÀ NẴNG),Nhà hàng,,0906 724 195,tầng 1 du thuyền marina - đối diện 461 trần hưng đạo - an hải tây -sơn trà- đà nẵng.
NH,SUSHI O BA,Nhà hàng,,097 682 6875,"SỐ 1 Nguyễn Công Trứ, P.19, Quận Bình Thạnh,Hồ Chí Minh"
NPP,CT TNHH TM TP SH (SH FOODS),Nhà phân phối,,0902428384- Hoàng,"102/3 Quang Trung, khu phố 5, Phường Tăng Nhơn Phú B, Thành phố Thủ Đức, Hồ Chí Minh"
NH,CT TNHH DG GROUP (HARU - Q12),Nhà hàng,,0905791988 ,"2082/3 An Phú Đông 10, An Phú Đông, Q12, HCM ((nhận hàng từ 8-12h sau thời gian này kho không nhận hàng))"
KL,MR ÁNH ECO-HN,,,0932388544,
NH,NH QUẢNG NINH- CS2,Nhà hàng,,0843302155,Hùng thắng Hạ Long
KL,MR THIỆU - NHA TRANG (CÁ NHÂN),,,,
NH,CT TNHH TM DV ONE MOREANH (MR TUẤN NGHĨA- ĐÀ NẴNG),Nhà hàng,,0379098205,"26 Quang Trung ,Thạch Thang, Hải Châu, Đà nẵng"
NH,CT TNHH SAKURA SUSHI,Nhà hàng,,,
NH,GOFOOD- HN,Nhà hàng,,,
NPP,CT TNHH ĐẢO HẢI SẢN,Nhà phân phối,,,
NPP,CT TNHH TP TS SẠCH HÀ TĨNH (TRUNG-HÀ TĨNH),Nhà phân phối,,,
NH,CT TNHH TM DV VINROLL VN ( MR PHÚC- THỦ ĐỨC),Nhà hàng,,,
NH,CT CP TẬP ĐOÀN DU THUYỀN- NHA TRANG,Nhà hàng,,,
NPP,CT CP DV LƯƠNG NGUYÊN,Nhà phân phối,,,
KL,MR BÌNH- HN,,,,
NH,"CT TNHH TISM & CO ( MR NAM- LA THÀNH,HN)",Nhà hàng,,,
NH,CT CP DV TM HADU,Nhà hàng,,,
KH,MR MẠNH TOCHANSISHI,,,,
NH,CT TNHH TM THỰC PHẨM VÕ GIA (MR THỐNG),Nhà hàng,,,
NH,CN CT CP TM VÀ DV VIET DELI - NHA TRANG,Nhà hàng,,,
NH,CT TNHH VIETART F&B,Nhà hàng,,,
KL,MR THỊNH- ĐÀ NẴNG,,,,
NH,HKD Y SA BI (MS GIA HÂN- TRÀ VINH),Nhà hàng,,,
NH,MR THIÊN SS- NHA TRANG,Nhà hàng,,,
NPP,CT TNHH NEW FRESH FOODS,Nhà phân phối,,,
NPP,CT TNHH XNK SK FOODS VN,Nhà phân phối,,,
NH,CT TNHH DV TOTORO VN (MS HẰNG - ĐÀ NẴNG),Nhà hàng,,,
NH,NH HS HÀM NINH GRANDWORLD PHÚ QUỐC,Nhà hàng,,,
NH,GOFOOD-SG (CT TNHH FBC SÀI GÒN),Nhà hàng,,,
NH,MR THỦY- NGHỆ AN (FUJIMO),Nhà hàng,,,
NH,NH UNI SUSHI,Nhà hàng,,,
NH,NH BABABA-PHÚ QUỐC,Nhà hàng,,Anh Tâm-096 256 1356 (ng nhận hàng)    ,    Phú Quốc
NH,CT CP QL KS VÀ KND LYNN TIMES (MR ĐINH ĐỒNG),Nhà hàng,,,
KL,MR LEE - PHÚ QUỐC,,,,
KL,MR TOÀN - ĐÀ NẴNG,,,0944874874,"35 Lê Hồng Phong, Quận Hải Châu, Đà Nẵng"
KL,MS NGỌC ANH- ĐÀ NẴNG,,,0973634905,"55B Nguyễn Chí Thanh, Phường Thạch Thang, Quận Hải Châu, Đà Nẵng"
KL,MR ĐỊNH- NHA TRANG,,,,
NH,CT TNHH ĐT NGỌC THỊNH PHÁT (MR TÌNH),Nhà hàng,,,
KL,MR TRẦN THANH HOÀN- ĐÀ NẴNG,,,,
KL,MR QUÝ - ĐỒNG NAI,,,,
KL,MR HÙNG- MAI HẮC ĐẾ - HN,,,,
NH,NH QUẢNG NINH-CS1,Nhà hàng,,0397879043,"176 Huỳnh Thúc Kháng, Hồng Hà, Hạ Long, Quảng Ninh, Thành phố Hạ Long, Quảng Ninh"
NH,MR RI SISHI (MR PHÚC SUSHI),,,,
KL,MR HIỆP- BẮC GIANG,,,,
NH,NH TAKO IKA- SG,Nhà hàng,,,
KL,BÀ MINH- HÀ TĨNH,,,,
KL,"MR BẮC - TRƯƠNG ĐỊNH, HN",,,,
NH,SS GARDEN NGUYỄN TRÃI,Nhà hàng,,,
NH,NH DASUSHI- NVL,Nhà hàng,,,
NH,NH QUẢNG NINH-CS3,Nhà hàng,,0377096113,"Ô 7,8 SH18, Phú Gia 2, Vinhome Cẩm Bình, Cẩm Phả, Quảng Ninh, Thành phố Hạ Long, Quảng Ninh"
KL,"MR NHÂN SS- 290 KIM MÃ, HN",,,,
KL,MR HIẾU- VŨNG TÀU,,,,
NH,CT MADISON LAND HỒ TRÀM,Nhà hàng,,,
KL,MR TÂN- HẢI PHÒNG,,,,
NH,NAKED FOODS QUẬN 1,Nhà hàng,,,
KL,CT TNHH TM VÀ DV ATABLE VN,,,,
NH,CT LÊ GIA (MINORI CS2),Nhà hàng,,,
NH,CT TNHH GOLDEN FINE FOODS,Nhà hàng,,,
NH,CT TNHH SANMARU (MR NGỌC- HN),Nhà hàng,,,
NH,AKIKO SUSHI - SG,Nhà hàng,,,
KL,MS TUYỀN- THỦ ĐỨC,,,,
KL,HÀ DƯƠNG FOODS- SG,,,,
KL,MR HẠNH- BẮC NINH,,,,
NH,NAKED FOODS QUẬN 3,Nhà hàng,,,
KL,MS MAI TRINH- ĐÀ NẴNG,,,,
NH,HANA SS- THÁI BÌNH,Nhà hàng,,,
NH,CT TNHH TM DV HAN YANG,Nhà hàng,,,
KL,MS HỒNG- CHỢ MỚI LONG THÀNH ĐỒNG NAI,,,,
KL,MS HUẾ- SG (CT CÀ PHÊ HOÀNG TRUNG),,,Thay bằng Huế Roocking Coffe,
KL,"MS MINH TRANG- 81/2 HOÀNG DIỆU, NHA TRANG",,,,
KL,MS DƯƠNG MINH LÝ- QUẢNG NINH,,,,
KL,MR GIANG- VẠN GIÃ,,,,
KL,MS HUẾ- SG (ANH TRUNG- DAKNONG),,,Thay bằng Huế Roocking Coffe,
NH,SS IKUSACHI- SG,Nhà hàng,,,
NH,SS GARDEN- NGUYỄN VĂN LỘC,Nhà hàng,,,
KL,MR LEE MINH HEO - HN,,,,
KL,MR TUÂN - HN,,,,
KL,MR THUẬN- SG (NOWZOON),,,,
KL,MR TRẦN HOÀNG- SG,,,,
KL,MR ĐẠI- NHA TRANG,,,,
NH,NH YAKI YUM - NGUYỄN VĂN LỘC,Nhà hàng,,,
NH,MR LƯỢNG - BẮC NINH,Nhà hàng,,0909946299,Số nhà 68 đường Trần Quốc Toản phường Ninh Xá thành phố Bắc Ninh
KL,MS LÌ - SÀI GÒN,,,Chị Lì 0397593050,"76/14 đường 100, P, Tân Phú,  Q9, HCM"
KL,MR TRƯỜNG SSM - PY,,,0867 963 864,"PHÚ LÂM, PHÚ YÊN"
NPP,CT TNHH OCEAN LINK VIỆT NHẬT,Nhà phân phối,,0375 899 123 - Phú,"91 Nguyễn Phong Sắc, Phường Khuê Trung, Quận Cẩm Lệ, Đà Nẵng"
KL,CT TNHH SX-TM THIÊN ÂN PHÁT (MR ĐỖ XUÂN-NT),,,0935051700,"Tổ 8, Vĩnh Điềm Thượng, Phường Tây Nha Trang, Tỉnh Khánh Hòa, Việt Nam"
NPP,CT TNHH ĐT TS PHÚ THỊNH,Nhà phân phối,,0919 997 208,"C16 Huỳnh tấn phát, Phường Phú Thuận, Quận 7, Hồ Chí Minh"
NH,MR VÕ CẢNH-HCM,Nhà hàng,,077 298 1681,"291 Bình Tiên- Phường 8, Q6- HCM"
NH,NH KYOBASHI IZAKAYA- SG,Nhà hàng,,0336531211,"8a/h3 Thái Văn Lung, Bến Nghé, Q 1, HCM"
KL,CT LIÊN VIỆT,,,,
NH,MR ĐÔNG - PHÚ QUỐC,Nhà hàng,,,
NH,MR VÕ CẢNH-HCM,Nhà hàng,,,
NH,NH KYOBASHI IZAKAYA- SG,Nhà hàng,,,
NH,NH SUSHI MINH - SG,Nhà hàng,,,
NH,HKD SUSHITO (NHÀ KHO)- SG,Nhà hàng,,0865 299 965/076 986 7789,"Số 25 đường 19 khu An Phú, An Khánh ,phường An Phú, quận 2, HCM"
KL,MS THANH THẢO- SG,,,0347102055,"224/6/36, Ung Văn Khiêm, P 25, Bình Thạnh, HCM"
KL,MR HOÀNG - NHA TRANG,,,,
KL,"MR DUY - VĂN CAO, HN",,,,
KL,CT TNHH XK & NK AN PHÚ (HSX 55 MỄ TRÌ),,,,
KL,MR TRÌNH - SG,,,,
NH,CT TNHH MTV ISHIGA (PHIPHI SS)- ĐÀ NẴNG,Nhà hàng,,0979852619,"41 Lê Hồng Phong, phường Hải Châu, Thành phố Đà Nẵng, Việt Nam"
NPP,CT MARUSEI - SG,Nhà phân phối,,,
NPP,CT MARUSEI - ĐN,Nhà phân phối,,,
NPP,CT MARUSEI - HN,Nhà phân phối,,,
KL,MR HOÀNG - NHA TRANG,,,,
KL,"MR DUY - VĂN CAO, HN",,,,
KL,MS THANH THẢO- SG,,,,
NH,CT TNHH XK & NK AN PHÚ (HSX 55 MỄ TRÌ),Nhà hàng,,,
KL,MR VINH- ĐÀ NẴNG,,,,
NH,HKD SUSHITO (NHÀ KHO)- SG,Nhà hàng,,,
NH,CT 138 ENT (LẨU CÁ THANH ĐA) - SG,Nhà hàng,,,
NH,ANH LỘC - ĐÔNG NAI,Nhà hàng,,,
NH,NH NAGI 2 - GÒ VẤP,Nhà hàng,,,
KL,MS TRINH- QUẬN 7,,,036 7810160/ 0329774225,"1172/11a Huỳnh Tấn Phát , P.Tân Phú, Q.7, HCM"
KL,CT TNHH KAKINOKI (MS PHƯƠNG -SG),,,,"12 E PHAM VIẾT CHÁNH, Phường 19, Quận Bình Thạnh, Hồ Chí Minh"
NPP,CT TNHH MEAT FARM,Nhà phân phối,,,
KL,CHEF HỒNG - HN,,,,
KL,MR THÊU - HN -CS2,,,,
KL,ANH TIÊN - CẦN THƠ,,,,
KL,MR BÙI DANH - SG,,,079220176,"sô 5 võ văn kiệt, Phường 16, Quận 8, Hồ Chí Minh"
KL,CT MOO JIN (MS HỒNG ÁNH - SG),,,0965185785,"khách sạn Grace - Mặt sau chung cư CT6 - Kđt Mỹ Đình Sông Đà, HN"
KL,MR THÁI - HN,,,0925029492,"Toà i1 Imperia, Vinhomes Smart City, Tây Mỗ, Nam Từ Liêm, HN"
KL,MR HẢI- HN,,,0964023333,"Phòng 3401, Tòa Fs, Gold Season, 47 Nguyễn Tuân, Thanh Xuân Trung, Thanh Xuân, HN"
KL,MS NGỢI - ECO,,,,
KL,MR TRIỆT - TÂY NINH,,,,
KL,MR HỢP - ĐÀ NẴNG,,,,
KL,MITSUBITSHI - HN,,,,
KL,MR HẢI TRIỀU - Q10 - SG,,,,
NPP,CT ANH VŨ - HN (C HƯƠNG),Nhà phân phối,,,
KL,CT DELMAR VN - (C HƯƠNG VOV),,,,
KL,MR HUY - YERSIN - NT,,,,
KL,QUÁN ỐC 88 - HN,,,,
KL,MR LONG - CẦU GIẤY - HN,,,,
KL,MR HIẾU - HN (61 BÁT SỨ),,,,
KL,CT TNHH MTV ĐẠI VY (NH MAYONAKA),,,,
KL,CT KYOTO YAKINIKU - A CHÂU - DN,,,,
NPP,CT THỰC PHẨM NGÀY MỚI,Nhà phân phối,,,
KL,MS GIANG - 54 VŨ HUY TÂN - HN,,,,
KL,MS CHÂU TO - SG,,,,
KL,CT TNHH KIWAMI VN - MR TUẤN - NT,,,,
KL,MR TRẦN QUỐC Ý - NT,,,,
KL,QUÁN TANAKEI - SG,,,,
KL,KIN SUSHI - LÂM ĐỒNG,,,,
KL,CT TNHH SƠN BA (MR THÀNH VIN),,,,
KL,CT TNHH MTV TM NAM ANH FOODS (MR VINH- ĐÀ NẴNG),,,,
KL,MR QUANG THẤT - HN,,,,
KL,MR HOÀNG VŨ - SG,,,,
KL,MS LAN - NT,,,,
KL,KHÁCH LẺ,,,,
KL,MR ĐÔ - SG,,,,
KL,MS HUYỀN TRANG - NT,,,,
NH,NH HÀN QUỐC OMAKASE,Nhà hàng,,,
KL,MR LONG - THỊNH LIỆT - HN,,,,
KL,KIM THẢO - PY,,,,
NH,CN DNTN XD LONG PHƯỚC (MR CHÁNH-VT),Nhà hàng,,,
NH,HÂY SUSHI - CẦN THƠ,Nhà hàng,,,
NH,NH MAXI - NHA TRANG,Nhà hàng,,,
KL,MS ĐÌNH PHONG - HN,,,,
KL,MS THỦY TIÊN - HN,,,,
NH,BIG SUSHI - LÊ NHÃ - ĐN,Nhà hàng,,,
NH,MR NGUYỄN ANH - LINH ĐÀM - HN,Nhà hàng,,,
KL,MR TRƯỜNG - SG,,,,
KL,MS LINH - HN,,,,
KL,DOAN TAM KICCHOU - HN,,,,
KL,FAMILY SUSHI  - QNAM,,,,
KL,MR QUỐC HOÀN - HN,,,,
KL,MS THƠM - NT,,,,
KL,CT TNHH TM DV VÀ TP PHƯƠNG LINH,,,,
KL,CT ĐÔNG PHƯƠNG,,,,
KL,MR NHẬT TRẦN - HN,,,,